{
 "actions": [],
 "allow_rename": 1,
 "creation": "2025-05-08 10:52:14.037591",
 "doctype": "DocType",
 "editable_grid": 1,
 "engine": "InnoDB",
 "field_order": [
  "sales_invoice",
  "invoice_date",
  "outstanding",
  "amount",
  "discount",
  "payment_mode",
  "invoice_details"
 ],
 "fields": [
  {
   "fieldname": "sales_invoice",
   "fieldtype": "Link",
   "label": "Sales Invoice",
   "options": "Sales Invoice"
  },
  {
   "fieldname": "invoice_date",
   "fieldtype": "Date",
   "label": "Invoice Date"
  },
  {
   "fieldname": "outstanding",
   "fieldtype": "Currency",
   "label": "Outstanding Amount"
  },
  {
   "fieldname": "amount",
   "fieldtype": "Currency",
   "label": "Amount Collected"
  },
  {
   "fieldname": "discount",
   "fieldtype": "Float",
   "label": "Discount %"
  },
  {
   "fieldname": "payment_mode",
   "fieldtype": "Select",
   "label": "Payment Mode",
   "options": "Cash\nCard\nUPI"
  },
  {
   "fieldname": "invoice_details",
   "fieldtype": "Table",
   "label": "Invoice Details",
   "options": "Cashier Collection Invoice"
  }
 ],
 "grid_page_length": 50,
 "index_web_pages_for_search": 1,
 "istable": 1,
 "links": [],
 "modified": "2025-05-08 11:08:51.437697",
 "modified_by": "Administrator",
 "module": "Cashier Counter",
 "name": "Cashier Collection Invoice",
 "owner": "Administrator",
 "permissions": [],
 "row_format": "Dynamic",
 "sort_field": "modified",
 "sort_order": "DESC",
 "states": []
}